{
  "project_info": {
    "project_number": "85740073545",
    "project_id": "foodordering-fb3a0",
    "storage_bucket": "foodordering-fb3a0.appspot.com"
  },
  "client": [
    {
      "client_info": {
        "mobilesdk_app_id": "1:85740073545:android:ab0c55bcb82ab95e5ac598",
        "android_client_info": {
          "package_name": "com.example.projectfoodorderingapp"
        }
      },
      "oauth_client": [
        {
          "client_id": "85740073545-f4g33pk5envnjs81a1vrjvd1s9vkmgvf.apps.googleusercontent.com",
          "client_type": 1,
          "android_info": {
            "package_name": "com.example.projectfoodorderingapp",
            "certificate_hash": "1193ddf8a1a24b42a509ae61aa6864e4280e7fbc"
          }
        },
        {
          "client_id": "85740073545-mdb6uvaam0k10bj858kkhn8j7lu8d4q1.apps.googleusercontent.com",
          "client_type": 3
        }
      ],
      "api_key": [
        {
          "current_key": "AIzaSyAW_m70VFeoh7Bb_yLqp7E7kvB-uPb4O4c"
        }
      ],
      "services": {
        "appinvite_service": {
          "other_platform_oauth_client": [
            {
              "client_id": "85740073545-mdb6uvaam0k10bj858kkhn8j7lu8d4q1.apps.googleusercontent.com",
              "client_type": 3
            }
          ]
        }
      }
    }
  ],
  "configuration_version": "1"
}