{"v":"4.8.0","meta":{"g":"LottieFiles AE 2.0.4","a":"","k":"","d":"","tc":""},"fr":29.9700012207031,"ip":0,"op":43.0000017514259,"w":1920,"h":1080,"nm":"Comp 1","ddd":0,"assets":[],"fonts":{"list":[{"fName":"Poppins-BlackItalic","fFamily":"Poppins","fStyle":"Black Italic","ascent":73.9990234375}]},"layers":[{"ddd":0,"ind":1,"ty":5,"nm":"START!","sr":1,"ks":{"o":{"a":0,"k":100,"ix":11},"r":{"a":0,"k":0,"ix":10},"p":{"a":0,"k":[131.323,703.095,0],"ix":2},"a":{"a":0,"k":[4,0,0],"ix":1},"s":{"a":0,"k":[100,100,100],"ix":6}},"ao":0,"t":{"d":{"k":[{"s":{"s":450,"f":"Poppins-BlackItalic","t":"START!","j":0,"tr":0,"lh":540,"ls":0,"fc":[0,0,0]},"t":0}]},"p":{},"m":{"g":1,"a":{"a":0,"k":[0,0],"ix":2}},"a":[{"nm":"Animator 1","s":{"t":0,"xe":{"a":0,"k":30,"ix":7},"ne":{"a":0,"k":0,"ix":8},"a":{"a":0,"k":100,"ix":4},"b":1,"rn":0,"sh":2,"o":{"a":1,"k":[{"i":{"x":[0.833],"y":[0.833]},"o":{"x":[0.167],"y":[0.167]},"t":0,"s":[-100]},{"t":17.0000006924242,"s":[98]}],"ix":3},"r":1},"a":{"p":{"a":0,"k":[0,70,0],"ix":2},"o":{"a":0,"k":0,"ix":9}}}]},"ip":0,"op":900.000036657751,"st":0,"bm":0},{"ddd":0,"ind":2,"ty":5,"nm":"START","sr":1,"ks":{"o":{"a":0,"k":100,"ix":11},"r":{"a":0,"k":0,"ix":10},"p":{"a":0,"k":[131.323,703.095,0],"ix":2},"a":{"a":0,"k":[4,0,0],"ix":1},"s":{"a":0,"k":[100,100,100],"ix":6}},"ao":0,"t":{"d":{"k":[{"s":{"s":450,"f":"Poppins-BlackItalic","t":"START!","j":0,"tr":0,"lh":540,"ls":0,"fc":[0,0,0],"sc":[1,1,1],"sw":93,"of":false},"t":0}]},"p":{},"m":{"g":1,"a":{"a":0,"k":[0,0],"ix":2}},"a":[{"nm":"Animator 1","s":{"t":0,"xe":{"a":0,"k":30,"ix":7},"ne":{"a":0,"k":0,"ix":8},"a":{"a":0,"k":100,"ix":4},"b":1,"rn":0,"sh":2,"o":{"a":1,"k":[{"i":{"x":[0.833],"y":[0.833]},"o":{"x":[0.167],"y":[0.167]},"t":0,"s":[-100]},{"t":17.0000006924242,"s":[98]}],"ix":3},"r":1},"a":{"p":{"a":0,"k":[0,70,0],"ix":2},"o":{"a":0,"k":0,"ix":9}}}]},"ip":0,"op":900.000036657751,"st":0,"bm":0}],"markers":[],"chars":[{"ch":"S","size":450,"style":"Black Italic","w":64.2,"data":{"shapes":[{"ty":"gr","it":[{"ind":0,"ty":"sh","ix":1,"ks":{"a":0,"k":{"i":[[-8.667,0],[-4.334,1.967],[-2.3,3.467],[0,4.334],[1.8,2.634],[2.5,1.6],[3.8,1.8],[1.533,1.1],[0,1.467],[-0.734,0.667],[-1.134,0],[-0.734,-0.7],[0,-1.266],[0.133,-0.8],[0,0],[0,0.534],[2.3,3.034],[4.033,1.6],[5.133,0],[4.466,-1.866],[2.5,-3.633],[0,-5],[-1.8,-2.533],[-2.434,-1.466],[-3.8,-1.6],[-1.567,-1.066],[0,-1.6],[0.8,-0.6],[1.2,0],[0.833,1],[-0.2,2.067],[0,0],[0,-0.666],[-5.167,-3.466]],"o":[[5.933,0],[4.333,-1.966],[2.3,-3.466],[0,-3.8],[-1.8,-2.633],[-2.5,-1.6],[-3.334,-1.6],[-1.534,-1.1],[0,-1.066],[0.733,-0.666],[1.266,0],[0.733,0.7],[0,0.267],[0,0],[0.133,-1.333],[0,-4.133],[-2.3,-3.033],[-4.034,-1.6],[-5.734,0],[-4.467,1.867],[-2.5,3.634],[0,3.8],[1.8,2.534],[2.433,1.467],[3.466,1.467],[1.566,1.067],[0,1.134],[-0.8,0.6],[-1.934,0],[-0.834,-1],[0,0],[-0.134,1.334],[0,6.667],[5.166,3.467]],"v":[[30.4,0.7],[45.8,-2.25],[55.75,-10.4],[59.2,-22.1],[56.5,-31.75],[50.05,-38.1],[40.6,-43.2],[33.3,-47.25],[31,-51.1],[32.1,-53.7],[34.9,-54.7],[37.9,-53.65],[39,-50.7],[38.8,-49.1],[62.7,-49.1],[62.9,-51.9],[59.45,-62.65],[49.95,-69.6],[36.2,-72],[20.9,-69.2],[10.45,-60.95],[6.7,-48],[9.4,-38.5],[15.75,-32.5],[25.1,-27.9],[32.65,-24.1],[35,-20.1],[33.8,-17.5],[30.8,-16.6],[26.65,-18.1],[25.7,-22.7],[2.1,-22.7],[1.9,-19.7],[9.65,-4.5]],"c":true},"ix":2},"nm":"S","mn":"ADBE Vector Shape - Group","hd":false}],"nm":"S","np":3,"cix":2,"bm":0,"ix":1,"mn":"ADBE Vector Group","hd":false}]},"fFamily":"Poppins"},{"ch":"T","size":450,"style":"Black Italic","w":61.6,"data":{"shapes":[{"ty":"gr","it":[{"ind":0,"ty":"sh","ix":1,"ks":{"a":0,"k":{"i":[[0,0],[0,0],[0,0],[0,0],[0,0],[0,0],[0,0],[0,0]],"o":[[0,0],[0,0],[0,0],[0,0],[0,0],[0,0],[0,0],[0,0]],"v":[[8.5,-70.8],[5.4,-53.2],[24,-53.2],[14.6,0],[36.8,0],[46.2,-53.2],[65,-53.2],[68.1,-70.8]],"c":true},"ix":2},"nm":"T","mn":"ADBE Vector Shape - Group","hd":false}],"nm":"T","np":3,"cix":2,"bm":0,"ix":1,"mn":"ADBE Vector Group","hd":false}]},"fFamily":"Poppins"},{"ch":"A","size":450,"style":"Black Italic","w":77.3,"data":{"shapes":[{"ty":"gr","it":[{"ind":0,"ty":"sh","ix":1,"ks":{"a":0,"k":{"i":[[0,0],[0,0],[0,0],[0,0],[0,0],[0,0],[0,0],[0,0]],"o":[[0,0],[0,0],[0,0],[0,0],[0,0],[0,0],[0,0],[0,0]],"v":[[48.9,0],[72.3,0],[59,-70.8],[33.4,-70.8],[-5,0],[18.3,0],[23.7,-10.7],[47.3,-10.7]],"c":true},"ix":2},"nm":"A","mn":"ADBE Vector Shape - Group","hd":false},{"ind":1,"ty":"sh","ix":2,"ks":{"a":0,"k":{"i":[[0,0],[0,0],[0,0]],"o":[[0,0],[0,0],[0,0]],"v":[[32.1,-27.4],[42,-47.1],[44.9,-27.4]],"c":true},"ix":2},"nm":"A","mn":"ADBE Vector Shape - Group","hd":false}],"nm":"A","np":5,"cix":2,"bm":0,"ix":1,"mn":"ADBE Vector Group","hd":false}]},"fFamily":"Poppins"},{"ch":"R","size":450,"style":"Black Italic","w":67,"data":{"shapes":[{"ty":"gr","it":[{"ind":0,"ty":"sh","ix":1,"ks":{"a":0,"k":{"i":[[7.6,0],[0,0],[0,0],[0,0],[0,0],[0,0],[0,0],[0,0],[-3.267,3.634],[-0.867,4.8],[0,1.667],[3.933,3.4]],"o":[[0,0],[0,0],[0,0],[0,0],[0,0],[0,0],[0,0],[5.2,-1.6],[3.266,-3.633],[0.266,-1.333],[0,-5.666],[-3.934,-3.4]],"v":[[45.5,-70.8],[12.5,-70.8],[0,0],[22.2,0],[26.7,-25.4],[35.6,0],[60,0],[49.4,-27.1],[62.1,-34.95],[68.3,-47.6],[68.7,-52.1],[62.8,-65.7]],"c":true},"ix":2},"nm":"R","mn":"ADBE Vector Shape - Group","hd":false},{"ind":1,"ty":"sh","ix":2,"ks":{"a":0,"k":{"i":[[0,0],[0,0],[-0.934,-0.833],[0,-1.466],[0.066,-0.333],[1.233,-0.966],[2.133,0],[0,0]],"o":[[0,0],[1.8,0],[0.933,0.834],[0,0.534],[-0.4,2.067],[-1.234,0.967],[0,0],[0,0]],"v":[[31.4,-52.2],[40.2,-52.2],[44.3,-50.95],[45.7,-47.5],[45.6,-46.2],[43.15,-41.65],[38.1,-40.2],[29.3,-40.2]],"c":true},"ix":2},"nm":"R","mn":"ADBE Vector Shape - Group","hd":false}],"nm":"R","np":5,"cix":2,"bm":0,"ix":1,"mn":"ADBE Vector Group","hd":false}]},"fFamily":"Poppins"},{"ch":"!","size":450,"style":"Black Italic","w":45.5,"data":{"shapes":[{"ty":"gr","it":[{"ind":0,"ty":"sh","ix":1,"ks":{"a":0,"k":{"i":[[0,0],[0,0],[0,0],[0,0]],"o":[[0,0],[0,0],[0,0],[0,0]],"v":[[19,-75.5],[13.3,-28.1],[32.3,-28.1],[43.2,-75.5]],"c":true},"ix":2},"nm":"!","mn":"ADBE Vector Shape - Group","hd":false},{"ind":1,"ty":"sh","ix":2,"ks":{"a":0,"k":{"i":[[-3.467,0],[-2.267,1.166],[-1.267,1.967],[0,2.334],[1.933,1.7],[3.4,0],[2.3,-1.166],[1.3,-2],[0,-2.333],[-1.967,-1.666]],"o":[[2.8,0],[2.266,-1.166],[1.266,-1.966],[0,-2.666],[-1.934,-1.7],[-2.8,0],[-2.3,1.167],[-1.3,2],[0,2.667],[1.966,1.667]],"v":[[17.7,0.8],[25.3,-0.95],[30.6,-5.65],[32.5,-12.1],[29.6,-18.65],[21.6,-21.2],[13.95,-19.45],[8.55,-14.7],[6.6,-8.2],[9.55,-1.7]],"c":true},"ix":2},"nm":"!","mn":"ADBE Vector Shape - Group","hd":false}],"nm":"!","np":5,"cix":2,"bm":0,"ix":1,"mn":"ADBE Vector Group","hd":false}]},"fFamily":"Poppins"}]}